{
  "port": "/dev/tty.usbmodem376271",
  "samplesize": 20,
  "threshold": 0.0,
  "jitter": 0.01,
  "velocityJitter": 0.001,
  "hindsight": 5,
  "min": [
    758.4663056132849,
    758.6093136443794,
    900.4843951643301,
    862.0434246242927,
    939.4136726904005,
    958.2627410704481,
    960.5740194959997,
    799.7763632293165,
    772.0232784867725
  ],
  "max": [
    967,
    941,
    1091,
    1057,
    1158,
    1159,
    1184,
    1000,
    999
  ]
}
